Emails,Emotions
,
I am really worried about the way our project is running behind the planned timeline. This might further affect the project delivery.,Concerned
I am concerned regarding the delay in project timeline.,Concerned
"The report submission deadline is overhead, but we are still lagging behind in report making.",Concerned
"I am worried about the delayed report submission, it may affect our future projects.",Concerned
The lack of communication amongst the team is really concerning. It may hamper our project development.,Concerned
I am worried that the lack of communication within the team can lead to project failure.,Concerned
The limited project timeline is becoming a concern for the team.,Concerned
The team is concerned about the short timeline allocated for this particular project.,Concerned
The recent changes made in this project are really confusing.,Confused
I am unsure regarding the next steps to be followed in the project implementation. ,Confused
I am unsure which project report should be finalized.,Confused
Would you mind clarifying the updates made in the project requirements?,Confused
I am not very clear about the roles assigned to me in the task assignment.,Confused
I am having difficulty understanding the documentation related to this project.,Confused
I am disappointed that the projected deadline was not met as planned.,Disappointed
The project manager is not at all satisfied with the lack of coordination within the team.,Disappointed
"The result of the recent project view was not satisfactory as expected, which is very disappointing.",Disappointed
We have missed third consecutive deadline this week. The team was expected to perform better.,Disappointed
The client had hoped for better quality of material to be used in this product.,Disappointed
The project report was not up to the mark with the client expectations. They hoped for better documentation.,Disappointed
It is very disappointing to see the lack of coordination within the team; this may hamper project development.,Disappointed
The project outcome was unsatisfactory.,Disappointed
I am frustrated with the repeated delays in receiving project reports.,Frustrated
Why is the team finding it difficult to manage the project deadlines?,Frustrated
The repeated mistakes in the project reports are really frustrating.,Frustrated
It is frustrating to see that the same mistakes are being repeated in the project reports.,Frustrated
The communication gap within the departments is affecting the progress of the project.,Frustrated
The team is finding it difficult to coordinate effectively due to the lack of clear communication.,Frustrated
The lack of response from the team members is having a negative impact on the clients.,Frustrated
Delayed responses from the team is the main reason for this project failure.,Frustrated
It is unacceptable that the team failed to meet the project deadlines even after being warned multiple times.,Angry
The client is strongly dissatisfied with the project outcome.,Angry
The project manager is very upset about the unacceptable delay in the project report without any explanation.,Angry
The failure of the project will have serious consequences for the team members.,Angry
The manager is very upset with the team for ignoring his important instructions.,Angry
It is a serious issue that the team is not paying attention to the important instructions given.,Angry
Why is the team showing constant negligence in handling assigned tasks?,Angry
The repeated negligence in handling the tasks by the team is really unacceptable.,Angry
The delay occurred because the requirements were received late from the clients.,Defensive
"As mentioned earlier, the delay in the project was due to some technical glitch in the system.",Defensive
The team worked based on the information available at that time; the issue was not caused by the team.,Defensive
"The team followed the process discussed in the meeting, and there was no mistake from our side.",Defensive
"As mentioned earlier, the team had made their best efforts. The issue may have been caused by some other department.",Defensive
"According to me, the issue seems to have arisen due to delays in task completion by the other department.",Defensive
The team worked according to the approved project plan.,Defensive
"In my opinion, postponing the meeting was an appropriate decision.",Defensive
The repeated setbacks in the project are really disappointing for the team.,Discouraged
The repeated failure in the project is making it difficult for the team to stay motivated.,Discouraged
"Even after multiple attempts, the team is still not making any progress on the issue.",Discouraged
"There is no progress in the current situation, now I have started losing my confidence.",Discouraged
"The recent errors had led to an unacceptable outcome, which is discouraging for the team.",Discouraged
"Even after correcting the errors, the result was not as expected.",Discouraged
The team’s morale is dropping due to the constant challenges faced by the team members.,Discouraged
The constant pressure on the team makes it difficult for members to stay motivated.,Discouraged
"My ideas are being rejected repeatedly, which is really discouraging.",Discouraged
"I am finding it difficult to meet the project goals, which is affecting my confidence while interacting with clients.",Discouraged
I sincerely apologize for the delay in submitting the project report.,Apologetic
I am extremely sorry for the inconvenience caused by the late submission of the project report.,Apologetic
I apologize for not responding to the email earlier.,Apologetic
I regret the error made in the project documentation.,Apologetic
"I misunderstood your instructions which caused that blunder, and I am really sorry for it.",Apologetic
It was my mistake to share incorrect information during the team meeting.,Apologetic
I regret to inform you that the project has been suspended for the time being.,Apologetic
I apologize for the inconvenience caused; I didn’t realize that my mistake would cost us the partnership.,Apologetic
I am sorry that I was not able to contribute to the project.,Apologetic
I am very excited to work on the next phase of the project.,Enthusiastic
I am thrilled to announce the launch of company’s new product.,Enthusiastic
"There’s good news for the team, the company will very soon be launching its new product. ",Enthusiastic
The team is looking forward to working on the new phase of the product.,Enthusiastic
I am pleased to announce that we will be adopting a new strategy in the project execution.,Enthusiastic
The team is very excited to adopt the new strategy for the project.,Enthusiastic
We are pleased to inform you that our company will be participating in a new government initiative.,Enthusiastic
The feeling of being part of this initiative is really exciting.,Enthusiastic
The progress made by the team so far is very encouraging.,Encouraging
"It is great to see the team making good progress. Keep it up, team.",Encouraging
It is encouraging to see how well the team is coordinating with each other.,Encouraging
"The coordination within the team is commendable. Well done, team.",Encouraging
Your hard work had really paid off. The success of the project is largely due to your efforts.,Encouraging
Your dedication towards improving this project is really encouraging the other members.,Encouraging
"I understand the task is challenging, but the team has capability to overcome it.",Encouraging
"The team has handled challenges well so far, which lead to the successful execution of the project.",Encouraging
I am optimistic that the team will successfully complete the project.,Optimistic
The manager is confident that this team has the capability to successfully complete the project.,Optimistic
You do not need to worry. This issue will be resolved soon. ,Optimistic
We are hopeful that the technical team will resolve the glitch soon.,Optimistic
"After the team discussion, I am confident that we will successfully move forward with the project.",Optimistic
The ideas shared during the team meeting made me optimistic about the future of this project.,Optimistic
The team’s continuous efforts give us hopes that future results will improve.,Optimistic
The client has faith in the team and expects better and improved results in the future.,Optimistic
Thank you for completing the project report on time.,Appreciative
I am truly grateful to you for completing this task.,Appreciative
I sincerely appreciate your help. It has eased a lot of tension from my shoulder.,Appreciative
Thank you for your help. Your support is sincerely appreciated.,Appreciative
The teamwork and coordination displayed by the team is commendable.,Appreciative
The success of this project is a result of the team’s excellent teamwork.,Appreciative
The client greatly appreciates your quick response.,Appreciative
Your presence of mind has helped resolve the issue quickly. The team is really grateful to you for this.,Appreciative
Could you please share the updated project report in the team?,Polite
Would you mind reviewing the project document once you are free?,Polite
Can you please confirm whether this meeting schedule works for you?,Polite
Kindly share the project document with the client.,Polite
"I would appreciate it if you could review the document, as I need to submit it.",Polite
Can u please clarify the instructions to be followed during the project meting?,Polite
"Will you please share me the meeting schedule, as I was on leave yesterday?",Polite
"Since I was busy with another meeting yesterday, I would appreciate it if you could you send me the meeting schedule.",Polite
We can solve this issue by talking calmly.,Calm
The key to resolving a misunderstanding is clear communication.,Calm
Let us discuss this issue and decide the next steps accordingly.,Calm
I will deal with this error. You do need to worry.,Calm
"With due respect, may I suggest an idea for the project execution?",Calm
"If you don’t mind, we can use this idea to overcome this problem.",Calm
"It is a very minor issue and will be solved soon, it is not a big issue.",Calm
"The project issue is manageable, not a big deal. Don’t worry.",Calm
The issue occurred because the team members failed to follow the instructions.,Accused
The delay in the project was caused by the lack of response from your team leader.,Accused
The problem arose due to the errors you made during the requirement gathering step.,Accused
Your irresponsible behaviour is the sole reason for the failure of this project.,Accused
,
kmiiiiii,
