Emotion,Recommendation
Angry,Practice deep breathing or meditation before responding
Frustrated,Take a short break and reassess the problem
Confused,Ask for clarification or review the instructions
Concerned,Review the project timeline and plan corrective actions
Discouraged,Set small achievable goals to rebuild motivation
Defensive,Listen to feedback and respond calmly
Accused,Encourage open discussion to resolve misunderstandings
Apologetic,Focus on correcting the mistake and preventing recurrence
Enthusiastic,Channel enthusiasm into productive teamwork
Encouraging,Continue motivating the team and recognizing efforts
Optimistic,Maintain a positive outlook and keep progressing
Appreciative,Express gratitude and acknowledge contributions
Polite,Maintain respectful and professional communication
Calm,Analyze the situation logically and propose solutions
