Emotions,Recommendations
,
Angry,Practice deep breathing before responding
,Try meditation or yoga to calm your mind
,Talk to a counsellor or mentor to manage anger
,
Frustrated,Take a short break and relax
,Try mindfulness or breathing exercises
,
Disappointed,Reflect on the situation and identify improvements
,Talk with a mentor or trusted colleague
,Take time to relax and reset your mindset
,
Concerned,Discuss your concerns with the team
,Gather more information before reacting
,Seek advice from a senior colleague or mentor
,
Confused,Ask for clarification from the team
,Review instructions or documentation carefully
,Consult an experienced colleague or mentor
,
Discouraged,Focus on small achievable goals
,Talk to a mentor or counsellor for guidance
,Practice meditation to regain motivation
,
Defensive,Listen carefully to feedback
,Reflect on the situation calmly
,Discuss the issue openly with the team
,
Apologetic,Accept the mistake and correct it
,Learn from the error to improve in future
,
Enthusiastic,Share your ideas with the team
,Take initiative in new tasks
,Motivate the team to continue the positive work
,
Encouraging,Continue motivating team members
,Appreciate the efforts of colleagues
,Promote teamwork and collaboration
,
Optimistic,Maintain a positive outlook
,Continue working toward the goal
,Encourage collaboration and teamwork
,
Appreciative,Express gratitude to colleagues
,Recognize team contributions
,Maintain positive professional relationships
,
Polite,Maintain respectful communication
,Encourage open discussion
,Support cooperative teamwork
,
,
,
,
,
,
,
,
,
,
,
,
,
,
,
,
,
,
,
,
,
,
,
,
,
,
,
,
,
,
,
,
,
,
,
,
,
,
,
,
,
,
,
,
,
,
,
,
,
,
,
,
,
,
,
,
,
,
,
,
Calm,Analyze the situation logically
,Focus on constructive solutions
,Practice mindfulness or relaxation techniques
